Tên sách,Giá,Đã bán,Đánh giá,Link hình ảnh
Sách - Cổ tích Nhật Bản dành cho thiếu nhi - Chuyện kì lạ về chàng Taro - Nxb Kim Đồng,46800,6,5,https://down-vn.img.susercontent.com/file/f0925f5377fcb50bf4f8f5384d9e50a6_tn
Sách - Truyện cổ tích nổi tiếng song ngữ Việt - Anh - Cinderella - Cô bé Lọ Lem,31500,21,5,https://down-vn.img.susercontent.com/file/82822bf850eb0c2a664095af27653a72_tn
Sách - Hồi kí bóng đá của Son Heung Min - Đường Đến Châu Âu ( Bìa Cứng ),249300,17,5,https://down-vn.img.susercontent.com/file/ea116c75661d2914bc305273d41231d6_tn
Sách - Truyện cổ tích nổi tiếng song ngữ Việt - Anh - Thumbelina - Cô bé Tí Hon,31500,28,5,https://down-vn.img.susercontent.com/file/a78e04ebe6648bf35b8a336d6b5dfaf4_tn
Sách - Tư duy như Stephen Hawking - Nxb Kim Đồng,55800,10,5,https://down-vn.img.susercontent.com/file/f6a4ed93fa08993479e6280ed4d06914_tn
Sách - Kẻ sát nhân trong ngôi nhà chết chóc - Wingsbooks - Nxb Kim Đồng,99000,46,5,https://down-vn.img.susercontent.com/file/f29f8b785aa63fee5d59c0455a628518_tn
Sách - Kim Đồng - Sadako gấp ngàn hạc giấy,58500,2,5,https://down-vn.img.susercontent.com/file/vn-11134201-7qukw-lewl2xf65pavff_tn
Sách - Kim Đồng - Học viện viễn thám ( Bộ 5 Cuốn Lẻ ),112500,7,5,https://down-vn.img.susercontent.com/file/vn-11134201-7qukw-lewf2bkzcms789_tn
Sách - Phi Hành Gia Bốn Chân - Những Nhà Chinh Phục Vũ Trụ Đầu Tiên,62100,7,5,https://down-vn.img.susercontent.com/file/cf3a1e69b48e665aa47aba9b5867399a_tn
Sách - Tư Duy Như MANDELA,55800,3,5,https://down-vn.img.susercontent.com/file/b1222c6c209416cb4e3af2716d625de1_tn
Sách - Ngôi nhà nhỏ trên thảo nguyên - Tập 7 - Thị trấn nhỏ,63000,10,5,https://down-vn.img.susercontent.com/file/30234a54e2ac253c45724974b45598ce_tn
Sách - Hành vi phi logic,67500,8,5,https://down-vn.img.susercontent.com/file/a4cebbb300c34a72bfa922a0c991ce17_tn
Sách - Tư duy như Sigmund Freud,55800,8,5,https://down-vn.img.susercontent.com/file/c2850976d34d9bf08bf8adc5667b6bd4_tn
Sách - Stephen Hawking - Nhà Vật Lí Học Lỗi Lạc,45000,6,5,https://down-vn.img.susercontent.com/file/d49e50fd9a0d08e4d24528808a056e50_tn
Sách - Cuốn sách về siêu anh hùng động vật,104400,5,5,https://down-vn.img.susercontent.com/file/493c94053d922281abe72345f4e0ddfe_tn
